Dev_ID,First Name,Last Name,Home State,Employment Start Date,Username,Email,DOB
1,Phillip,Howard,Florida,2015-01-01,wilsonvalerie,harrisjoshua@example.org,2001-08-16
2,Melinda,Wolf,Nevada,2015-01-01,matthewjones,louisharris@example.com,1979-05-31
3,Jennifer,Williams,Maine,2015-01-01,devinjones,christopherjohnson@example.com,1996-07-23
4,Lauren,Jimenez,Florida,2015-01-01,djarvis,sloananna@example.org,1990-02-08
5,Amanda,Anthony,Tennessee,2015-01-01,tara76,lwallace@example.org,1979-03-29
6,Cathy,Ortiz,New Mexico,2015-01-01,sheila81,billymartinez@example.com,1991-02-18
7,Dana,Lopez,Idaho,2018-09-28,olsonrenee,brendabrown@example.net,1992-08-28
8,Joseph,Martin,Mississippi,2019-02-06,jonathanhodges,christopher07@example.org,1999-08-20
9,Brandy,Knox,Iowa,2017-11-10,garciajessica,shannonjames@example.org,1987-04-09
10,Erika,Sanford,Connecticut,2018-01-19,richardolson,porterjennifer@example.org,1978-08-12
11,Jessica,Smith,Pennsylvania,2015-09-11,maria16,butlerjeffrey@example.com,1975-08-12
12,Joy,Smith,Utah,2015-02-08,fordbenjamin,justinhernandez@example.org,1979-10-21
13,Ashley,Espinoza,Hawaii,2016-05-14,juanliu,vhudson@example.org,1993-03-12
14,Anna,Price,Maine,2015-06-13,tammyparsons,jromero@example.net,2001-08-30
15,Susan,Collins,Louisiana,2018-09-23,brittanybecker,jcarter@example.org,1974-02-11
16,Scott,Marshall,South Carolina,2016-12-04,julie42,shieldsjulian@example.com,1979-01-15
17,Kaitlin,Jones,Arkansas,2017-01-29,fhaas,kimeric@example.org,1998-02-21
18,Nicole,Estrada,Kansas,2018-04-06,robinsonbrittney,tiffanyhernandez@example.com,1990-02-02
19,Thomas,Gonzalez,Massachusetts,2018-12-20,maxwellcharles,shelbysmith@example.com,1975-09-11
20,Jared,Moore,North Dakota,2019-06-28,amy91,lovejulie@example.net,1990-04-20
21,Samuel,Villanueva,Arkansas,2018-05-25,scottpena,joanne39@example.org,2000-06-21
22,Daniel,Williams,Minnesota,2017-11-08,ashleyrandall,hansenjulie@example.com,1995-04-15
23,Shaun,King,North Dakota,2016-11-16,melissa63,laura03@example.org,1980-06-26
24,Anna,Baker,Iowa,2016-09-29,denise68,jonesmichelle@example.org,1983-06-27
25,Scott,Wright,New Jersey,2016-05-07,qbarnes,ericamiller@example.net,1993-04-24
26,Mia,Thompson,Mississippi,2019-07-13,jtaylor,xreed@example.com,1990-07-13
27,Robin,Good,Missouri,2017-01-16,gbeltran,alexandrareyes@example.org,1994-09-19
28,Alexander,Collins,Mississippi,2017-05-31,brandi77,fedwards@example.org,1977-04-27
29,Christopher,Padilla,Massachusetts,2018-02-14,harrisonjames,alanclements@example.org,2000-11-15
30,Adam,Cook,Kentucky,2018-01-21,tina73,justin17@example.com,1993-01-10
31,Alexis,Payne,Arizona,2018-10-13,rmiller,lloydana@example.com,1982-07-30
32,Tammy,Robinson,Rhode Island,2016-01-15,newtonwilliam,bmoss@example.net,1984-01-09
33,David,Richardson,Delaware,2015-11-06,amandamiles,kayla99@example.org,1992-07-06
34,James,Ford,Rhode Island,2018-03-05,guzmankyle,warrenpeter@example.com,1976-04-24
35,Alison,Wilson,Tennessee,2018-07-10,andersonthomas,carmen80@example.net,1983-03-19
36,Scott,Chapman,Maine,2017-12-08,alexanderelizabeth,steven71@example.com,1986-08-02
37,Michelle,Kelly,North Dakota,2015-09-15,estanley,paulallen@example.org,1991-02-06
38,Travis,Andrade,Georgia,2015-08-23,fwalls,jeffsmith@example.com,1997-07-21
39,Philip,Campbell,California,2019-08-12,doyleaudrey,ginasteele@example.net,1986-03-06
40,Michelle,Johnson,Virginia,2019-03-19,markcollier,jessicawagner@example.com,1985-02-07
41,Kathleen,Gonzalez,South Dakota,2019-09-11,antoniohall,joysmith@example.net,1996-01-10
42,Caleb,Armstrong,Idaho,2019-11-11,vbarnes,kimberly86@example.org,1989-05-03
43,Joseph,Nelson,West Virginia,2018-10-14,isabel05,uthomas@example.org,1976-05-01
44,Calvin,Hammond,Indiana,2019-12-12,stephaniemoody,kiaraparker@example.org,1984-07-12
45,Beth,Lane,North Carolina,2019-09-03,john94,proctorjason@example.net,1998-07-30
46,Christopher,Soto,Florida,2017-07-16,michaelgreen,adamrice@example.com,1987-10-26
47,Matthew,Gonzalez,Connecticut,2018-11-26,garciajoel,canderson@example.com,1999-07-06
48,William,Martinez,Mississippi,2018-10-26,alexandermariah,james53@example.net,1987-04-04
49,Michele,Snyder,Kentucky,2018-07-05,harrismatthew,hawkinsamanda@example.org,1998-11-14
50,Adam,Reed,Massachusetts,2015-03-24,aprilbauer,beverlyhart@example.com,1989-09-27
51,Nichole,Ortega,New Jersey,2016-04-26,melissa88,ashleysullivan@example.org,1976-12-06
52,Shawn,Campbell,Texas,2019-04-15,changdeborah,janice52@example.com,1990-12-03
53,Dennis,Wood,Washington,2016-01-21,jilljensen,bryankaren@example.org,1981-06-18
54,John,Cain,Oklahoma,2019-07-05,heatherbarnes,cynthia41@example.org,1994-02-24
55,William,Rich,Idaho,2015-08-14,vbrown,ramoskristie@example.com,1991-10-08
56,Nicholas,Ryan,Vermont,2017-11-06,lreid,gregorychang@example.com,1993-07-24
57,Jonathan,Fields,Hawaii,2015-09-06,forddouglas,tabitha21@example.org,1994-03-31
58,Kelsey,Stuart,Iowa,2018-09-01,bryan08,dominic89@example.net,1985-07-15
59,Alexa,Fuller,Utah,2019-07-05,madisonford,ramirezemily@example.net,1988-03-30
60,Juan,Mitchell,Oklahoma,2016-10-06,gmunoz,halllaura@example.net,1993-03-21
